{
  "Total" : {
    "transaction" : "Total",
    "sampleCount" : 68033,
    "errorCount" : 0,
    "errorPct" : 0.0,
    "meanResTime" : 2290.059088971528,
    "medianResTime" : 2055.0,
    "minResTime" : 197.0,
    "maxResTime" : 6857.0,
    "pct1ResTime" : 2894.0,
    "pct2ResTime" : 3045.0,
    "pct3ResTime" : 3334.0,
    "throughput" : 2066.80438679102,
    "receivedKBytesPerSec" : 471.1596472757238,
    "sentKBytesPerSec" : 246.24036639502384
  },
  "HTTP Request" : {
    "transaction" : "HTTP Request",
    "sampleCount" : 68033,
    "errorCount" : 0,
    "errorPct" : 0.0,
    "meanResTime" : 2290.059088971528,
    "medianResTime" : 2055.0,
    "minResTime" : 197.0,
    "maxResTime" : 6857.0,
    "pct1ResTime" : 2894.0,
    "pct2ResTime" : 3045.0,
    "pct3ResTime" : 3334.0,
    "throughput" : 2066.80438679102,
    "receivedKBytesPerSec" : 471.1596472757238,
    "sentKBytesPerSec" : 246.24036639502384
  }
}