{
  "Total" : {
    "transaction" : "Total",
    "sampleCount" : 64542,
    "errorCount" : 0,
    "errorPct" : 0.0,
    "meanResTime" : 2402.9657277431797,
    "medianResTime" : 1958.0,
    "minResTime" : 344.0,
    "maxResTime" : 21122.0,
    "pct1ResTime" : 2872.0,
    "pct2ResTime" : 3039.0,
    "pct3ResTime" : 3208.0,
    "throughput" : 1982.857142857143,
    "receivedKBytesPerSec" : 494.6076048867128,
    "sentKBytesPerSec" : 236.2388392857143
  },
  "HTTP Request" : {
    "transaction" : "HTTP Request",
    "sampleCount" : 64542,
    "errorCount" : 0,
    "errorPct" : 0.0,
    "meanResTime" : 2402.9657277431797,
    "medianResTime" : 1958.0,
    "minResTime" : 344.0,
    "maxResTime" : 21122.0,
    "pct1ResTime" : 2872.0,
    "pct2ResTime" : 3039.0,
    "pct3ResTime" : 3208.0,
    "throughput" : 1982.857142857143,
    "receivedKBytesPerSec" : 494.6076048867128,
    "sentKBytesPerSec" : 236.2388392857143
  }
}