{
  "Total" : {
    "transaction" : "Total",
    "sampleCount" : 60624,
    "errorCount" : 1209,
    "errorPct" : 1.9942597,
    "meanResTime" : 2571.3496964898327,
    "medianResTime" : 2593.0,
    "minResTime" : 169.0,
    "maxResTime" : 21220.0,
    "pct1ResTime" : 3143.0,
    "pct2ResTime" : 3162.0,
    "pct3ResTime" : 5114.94000000001,
    "throughput" : 1842.50676230131,
    "receivedKBytesPerSec" : 466.19113497439446,
    "sentKBytesPerSec" : 215.13966004239737
  },
  "HTTP Request" : {
    "transaction" : "HTTP Request",
    "sampleCount" : 60624,
    "errorCount" : 1209,
    "errorPct" : 1.9942597,
    "meanResTime" : 2571.3496964898327,
    "medianResTime" : 2593.0,
    "minResTime" : 169.0,
    "maxResTime" : 21220.0,
    "pct1ResTime" : 3143.0,
    "pct2ResTime" : 3162.0,
    "pct3ResTime" : 5114.94000000001,
    "throughput" : 1842.50676230131,
    "receivedKBytesPerSec" : 466.19113497439446,
    "sentKBytesPerSec" : 215.13966004239737
  }
}